auditlog_id,action,created_at,habit_impact,signature,target,audit_by_user_id
01784ae0-d14f-44ee-a8bb-3bab3722836b,R,2025-06-15 12:33:10.4198,,GenerationsService.getUserGenerations(..),GENERATION,f9659352-ac90-4423-bf04-e70d35f3d081
030f4b8b-0862-41cb-a30b-113d16ea9d63,R,2025-05-18 16:23:11.258652,,GenerationsService.getUserGenerations(..),GENERATION,f9659352-ac90-4423-bf04-e70d35f3d081
03d446ad-8dab-468c-a0cb-3c80a8ef4aba,R,2025-05-18 13:53:32.992258,,GenerationsService.getUserGenerations(..),GENERATION,f9659352-ac90-4423-bf04-e70d35f3d081
055dd44f-8b2b-4fef-83ef-f97cd6f30918,R,2025-05-18 16:23:35.306612,,GenerationsService.getUserGenerations(..),GENERATION,f9659352-ac90-4423-bf04-e70d35f3d081
07f5407e-da3a-4688-aac2-693108624035,U,2025-06-15 12:45:00.799964,7,UserHabitService.updateHabitImpact(..),USERHABIT,f9659352-ac90-4423-bf04-e70d35f3d081
09b14d81-d152-4c50-a22a-eeeffb842d5b,R,2025-05-18 16:23:07.981968,,GenerationsService.getUserGenerations(..),GENERATION,f9659352-ac90-4423-bf04-e70d35f3d081
09dc35d3-0679-4790-837e-79daca54eb25,R,2025-06-15 13:02:20.544783,,GenerationsService.getUserGenerations(..),GENERATION,f9659352-ac90-4423-bf04-e70d35f3d081
0a9d312e-e5c2-4f9f-ba44-bdd7dfe66f57,R,2025-05-18 16:16:19.733559,,GenerationsService.getUserGenerations(..),GENERATION,f9659352-ac90-4423-bf04-e70d35f3d081
0abc028d-0a5f-4657-8d06-130e3cd0b416,C,2025-05-18 16:15:55.821796,,GenerationsService.createGeneration(..),GENERATION,f9659352-ac90-4423-bf04-e70d35f3d081
0bb9ee52-0af4-4b6b-bb3b-613c8c088553,R,2025-05-18 16:22:57.094176,,GenerationsService.getUserGenerations(..),GENERATION,f9659352-ac90-4423-bf04-e70d35f3d081
0d2f0599-1473-48ac-ad4d-f01a189b2ce3,R,2025-05-18 16:16:09.5085,,GenerationsService.getUserGenerations(..),GENERATION,f9659352-ac90-4423-bf04-e70d35f3d081
0d7bdadc-47cd-4b23-a3d6-af586afcffa5,R,2025-05-18 16:23:28.172892,,GenerationsService.getUserGenerations(..),GENERATION,f9659352-ac90-4423-bf04-e70d35f3d081
101ddd20-a983-4b9a-8628-7037b441ead8,R,2025-05-18 16:23:31.313898,,GenerationsService.getUserGenerations(..),GENERATION,f9659352-ac90-4423-bf04-e70d35f3d081
11b2aa7c-7a02-470d-9a26-855bf4a4b4d6,U,2025-06-15 12:50:56.848232,6,UserHabitService.updateHabitImpact(..),USERHABIT,f9659352-ac90-4423-bf04-e70d35f3d081
131d3722-1132-4773-aa59-ec76655c9a42,R,2025-05-18 16:23:12.266739,,GenerationsService.getUserGenerations(..),GENERATION,f9659352-ac90-4423-bf04-e70d35f3d081
14ee7de0-47e7-4a90-8390-319f553573c8,R,2025-06-15 12:36:24.933879,,GenerationsService.getUserGenerations(..),GENERATION,f9659352-ac90-4423-bf04-e70d35f3d081
186c0f04-b9b7-43cf-a17d-291cb6e39e2b,R,2025-05-18 16:23:01.911125,,GenerationsService.getUserGenerations(..),GENERATION,f9659352-ac90-4423-bf04-e70d35f3d081
1bfba520-a4da-4a1b-9b52-18577eaf7894,R,2025-05-18 16:23:13.280119,,GenerationsService.getUserGenerations(..),GENERATION,f9659352-ac90-4423-bf04-e70d35f3d081
1db99080-ca14-4eb9-ba62-752137e64696,R,2025-05-18 16:22:50.600593,,GenerationsService.getUserGenerations(..),GENERATION,f9659352-ac90-4423-bf04-e70d35f3d081
1e9fce61-1054-4443-be6b-107a67f88950,R,2025-05-18 16:46:40.060833,,GenerationsService.getUserGenerations(..),GENERATION,f9659352-ac90-4423-bf04-e70d35f3d081
2072d32b-2742-4cfe-9838-512124a5e373,R,2025-06-15 12:13:33.693428,,GenerationsService.getUserGenerations(..),GENERATION,f9659352-ac90-4423-bf04-e70d35f3d081
21534f8d-c68f-4e6c-b10b-28577b1e223a,U,2025-06-15 12:50:56.952555,6,UserHabitService.updateHabitImpact(..),USERHABIT,f9659352-ac90-4423-bf04-e70d35f3d081
235acb30-dcc5-4129-a69a-57ba404927a9,R,2025-05-18 16:23:58.459993,,GenerationsService.getUserGenerations(..),GENERATION,f9659352-ac90-4423-bf04-e70d35f3d081
252893d6-7555-4fcd-bea1-b3bb91ec5556,R,2025-06-15 12:36:22.307792,,GenerationsService.getUserGenerations(..),GENERATION,f9659352-ac90-4423-bf04-e70d35f3d081
25b54fe8-06e7-4017-97cc-1bbece476a4e,R,2025-05-18 16:44:52.337309,,GenerationsService.getUserGenerations(..),GENERATION,f9659352-ac90-4423-bf04-e70d35f3d081
275a7607-b9e3-437c-8b28-f713f6dd1edb,R,2025-05-18 16:22:59.071601,,GenerationsService.getUserGenerations(..),GENERATION,f9659352-ac90-4423-bf04-e70d35f3d081
28728e3c-9ec6-465d-b131-2b9f19d35895,R,2025-05-18 16:23:30.182512,,GenerationsService.getUserGenerations(..),GENERATION,f9659352-ac90-4423-bf04-e70d35f3d081
293205ee-ff80-48c2-b890-0d2b2e7b4477,R,2025-05-18 16:16:22.397523,,GenerationsService.getUserGenerations(..),GENERATION,f9659352-ac90-4423-bf04-e70d35f3d081
2a97b26e-c71b-4226-b70d-02f7b2073542,U,2025-06-15 13:08:59.035874,5,UserHabitService.updateHabitImpact(..),USERHABIT,f9659352-ac90-4423-bf04-e70d35f3d081
2a9f810f-4649-430e-8710-6dde4fa44458,R,2025-06-15 12:57:00.859707,,GenerationsService.getUserGenerations(..),GENERATION,f9659352-ac90-4423-bf04-e70d35f3d081
2dbbf9c1-e93a-40b7-9146-8f4bb54491ed,R,2025-05-18 16:47:30.48865,,GenerationsService.getUserGenerations(..),GENERATION,f9659352-ac90-4423-bf04-e70d35f3d081
32bd791f-4850-4e70-a651-7db718efc720,R,2025-05-18 16:23:02.955356,,GenerationsService.getUserGenerations(..),GENERATION,f9659352-ac90-4423-bf04-e70d35f3d081
3305156b-7bf9-488c-94aa-c3d44ca820a6,U,2025-06-15 12:50:57.092948,6,UserHabitService.updateHabitImpact(..),USERHABIT,f9659352-ac90-4423-bf04-e70d35f3d081
34ce8ba2-90c3-4f85-8428-936748b81432,R,2025-05-18 16:23:56.623477,,GenerationsService.getUserGenerations(..),GENERATION,f9659352-ac90-4423-bf04-e70d35f3d081
36c35d13-f650-4553-ab81-9cc6bf0e5b1d,R,2025-05-17 19:40:18.953973,,GenerationsService.getUserGenerations(..),GENERATION,f9659352-ac90-4423-bf04-e70d35f3d081
37d29e47-035f-487f-8cb7-8d2a2c3873f6,R,2025-05-18 16:49:55.591631,,GenerationsService.getUserGenerations(..),GENERATION,f9659352-ac90-4423-bf04-e70d35f3d081
3994ebbc-ad3e-41a6-a368-a1f69d88f8de,U,2025-06-15 12:45:02.309567,7,UserHabitService.updateHabitImpact(..),USERHABIT,f9659352-ac90-4423-bf04-e70d35f3d081
3a6822c4-af08-4cc4-8f78-8068ececd086,R,2025-05-18 16:23:21.990077,,GenerationsService.getUserGenerations(..),GENERATION,f9659352-ac90-4423-bf04-e70d35f3d081
3cafefe3-8d9b-4cc7-b9e2-5ef9e61d1c5a,C,2025-06-15 12:55:19.438319,,UserHabitService.createUserHabits(..),USERHABIT,f9659352-ac90-4423-bf04-e70d35f3d081
414b331b-c4ee-4604-a7c5-f07e87e00e83,D,2025-06-15 13:08:32.437563,,UserHabitService.deleteHabit(..),USERHABIT,f9659352-ac90-4423-bf04-e70d35f3d081
42948918-8a29-48b2-a8c4-fa8feb0dd442,R,2025-05-18 16:16:23.747043,,GenerationsService.getUserGenerations(..),GENERATION,f9659352-ac90-4423-bf04-e70d35f3d081
45c42017-117d-4086-ae45-c55cbe434858,R,2025-05-18 16:23:21.020362,,GenerationsService.getUserGenerations(..),GENERATION,f9659352-ac90-4423-bf04-e70d35f3d081
45d18f3a-d6f7-431d-83a1-636d7a817452,R,2025-05-18 16:20:19.21568,,GenerationsService.getUserGenerations(..),GENERATION,f9659352-ac90-4423-bf04-e70d35f3d081
45f557f5-3163-443a-89d3-e099574fc0d0,U,2025-06-15 12:44:57.496911,7,UserHabitService.updateHabitImpact(..),USERHABIT,f9659352-ac90-4423-bf04-e70d35f3d081
462f7cf8-8e6a-4b58-82f4-974e1c673f53,R,2025-06-15 12:32:20.817713,,GenerationsService.getUserGenerations(..),GENERATION,f9659352-ac90-4423-bf04-e70d35f3d081
4a777623-5fe3-4917-a3d2-144c8d898597,R,2025-05-18 16:18:10.030618,,GenerationsService.getUserGenerations(..),GENERATION,f9659352-ac90-4423-bf04-e70d35f3d081
4a8d777e-5ef5-42df-b00c-f5f2b5cf9a42,U,2025-06-15 12:44:59.259488,7,UserHabitService.updateHabitImpact(..),USERHABIT,f9659352-ac90-4423-bf04-e70d35f3d081
4b34bce4-32ec-49a5-a11d-9c113fecf6b9,U,2025-06-15 12:50:56.795779,6,UserHabitService.updateHabitImpact(..),USERHABIT,f9659352-ac90-4423-bf04-e70d35f3d081
4baee346-1b83-41eb-b5ac-35affe707d64,R,2025-05-18 18:01:24.934553,,GenerationsService.getUserGenerations(..),GENERATION,f9659352-ac90-4423-bf04-e70d35f3d081
4ce36520-4744-4633-84b4-0a076d69fd2f,C,2025-06-15 12:09:59.065936,,GenerationsService.createGeneration(..),GENERATION,f9659352-ac90-4423-bf04-e70d35f3d081
4d8ebacb-8152-4fcc-a961-c168e8fc2102,R,2025-05-18 16:22:45.49858,,GenerationsService.getUserGenerations(..),GENERATION,f9659352-ac90-4423-bf04-e70d35f3d081
4d9855bc-0516-4a95-a4c5-19b1e02f7d6a,R,2025-05-18 16:15:56.843205,,GenerationsService.getUserGenerations(..),GENERATION,f9659352-ac90-4423-bf04-e70d35f3d081
4de20390-dd8b-4e5e-a0dd-ba5b7566cf61,D,2025-06-15 13:08:09.309239,,UserHabitService.deleteHabit(..),USERHABIT,f9659352-ac90-4423-bf04-e70d35f3d081
4ed1ea5f-1360-4d2d-ac90-22ab0987cc7a,U,2025-06-15 12:44:57.526028,6,UserHabitService.updateHabitImpact(..),USERHABIT,f9659352-ac90-4423-bf04-e70d35f3d081
50cd25a3-3cd9-4fdd-933b-7eabaf737232,R,2025-06-15 12:27:30.869606,,GenerationsService.getUserGenerations(..),GENERATION,f9659352-ac90-4423-bf04-e70d35f3d081
5159d809-3927-49ba-a74a-f7139894b2dc,C,2025-06-15 12:27:28.570745,,GenerationsService.createGeneration(..),GENERATION,f9659352-ac90-4423-bf04-e70d35f3d081
52a602ae-e73a-4fe4-91eb-a0ccdcf478de,R,2025-05-18 15:47:31.377983,,GenerationsService.getUserGenerations(..),GENERATION,f9659352-ac90-4423-bf04-e70d35f3d081
53c8a3da-00c8-444a-ba86-8560939f5fe5,R,2025-05-18 16:23:25.12622,,GenerationsService.getUserGenerations(..),GENERATION,f9659352-ac90-4423-bf04-e70d35f3d081
56bf3594-ddc9-411f-8867-507b067e2fc7,R,2025-05-18 16:05:40.68582,,GenerationsService.getUserGenerations(..),GENERATION,f9659352-ac90-4423-bf04-e70d35f3d081
56c5aca1-aebd-4b0f-9120-65043556a666,R,2025-05-18 16:23:27.222335,,GenerationsService.getUserGenerations(..),GENERATION,f9659352-ac90-4423-bf04-e70d35f3d081
573dff90-78ab-41bd-b0ce-b55a1e394abd,R,2025-05-18 16:23:15.246757,,GenerationsService.getUserGenerations(..),GENERATION,f9659352-ac90-4423-bf04-e70d35f3d081
5759a9c2-4574-412c-bd31-7b12db8d3de7,U,2025-06-15 12:45:01.03151,7,UserHabitService.updateHabitImpact(..),USERHABIT,f9659352-ac90-4423-bf04-e70d35f3d081
575d44a3-2a54-4409-9c97-9582d0a1d222,R,2025-05-18 16:42:47.513024,,GenerationsService.getUserGenerations(..),GENERATION,f9659352-ac90-4423-bf04-e70d35f3d081
59ac6c2e-0201-48b9-b69a-e4f2232b1a39,R,2025-05-18 16:22:44.505333,,GenerationsService.getUserGenerations(..),GENERATION,f9659352-ac90-4423-bf04-e70d35f3d081
59d67798-f9fa-4a8c-b6ce-a8a1c3f1d097,R,2025-05-18 17:58:45.828504,,GenerationsService.getUserGenerations(..),GENERATION,98e0b8cd-cd83-4ff7-b4f4-835aca8ec6a7
5bc19ade-7ffd-4864-b9c4-b10d0f360efb,R,2025-05-18 16:16:25.580086,,GenerationsService.getUserGenerations(..),GENERATION,f9659352-ac90-4423-bf04-e70d35f3d081
5be00c2a-0e00-4655-bd72-83914f11b30e,R,2025-05-18 16:16:16.708674,,GenerationsService.getUserGenerations(..),GENERATION,f9659352-ac90-4423-bf04-e70d35f3d081
5d505655-51c5-4a28-9bf9-771035826eb3,R,2025-05-18 16:22:58.083412,,GenerationsService.getUserGenerations(..),GENERATION,f9659352-ac90-4423-bf04-e70d35f3d081
5eadaf78-5a25-4391-a251-de370d66ec40,C,2025-05-14 16:44:10.172051,,GenerationsService.createGeneration(..),GENERATION,f9659352-ac90-4423-bf04-e70d35f3d081
61abfc72-f92b-44fc-a4bd-1b07339e78f4,R,2025-05-18 16:45:05.569085,,GenerationsService.getUserGenerations(..),GENERATION,f9659352-ac90-4423-bf04-e70d35f3d081
63ca53e3-ec1a-4743-a056-34a32e3d67e8,R,2025-05-18 16:16:14.536992,,GenerationsService.getUserGenerations(..),GENERATION,f9659352-ac90-4423-bf04-e70d35f3d081
63f31a3c-338a-43b6-93a0-9d4dc11148a2,R,2025-06-15 12:10:00.477164,,GenerationsService.getUserGenerations(..),GENERATION,f9659352-ac90-4423-bf04-e70d35f3d081
63f57ac3-8fc0-4b3f-a589-5ab29d6a6c8d,R,2025-05-18 16:18:11.216759,,GenerationsService.getUserGenerations(..),GENERATION,f9659352-ac90-4423-bf04-e70d35f3d081
64df5d3d-dd48-4734-978e-332bc7f18965,R,2025-05-18 16:46:01.300139,,GenerationsService.getUserGenerations(..),GENERATION,f9659352-ac90-4423-bf04-e70d35f3d081
664e980b-9ea7-4f74-8469-bbc30a484a0f,R,2025-05-18 16:47:36.803795,,GenerationsService.getUserGenerations(..),GENERATION,f9659352-ac90-4423-bf04-e70d35f3d081
67799975-4a1a-4262-afa1-6f8f33e86329,R,2025-05-18 16:22:46.459748,,GenerationsService.getUserGenerations(..),GENERATION,f9659352-ac90-4423-bf04-e70d35f3d081
6b85e1ba-ad12-41a8-8c7b-b5854a014884,R,2025-05-18 16:16:54.829721,,GenerationsService.getUserGenerations(..),GENERATION,f9659352-ac90-4423-bf04-e70d35f3d081
6ba0c27a-7dc5-4adf-9d69-2cf123493e13,R,2025-06-15 12:59:04.503656,,GenerationsService.getUserGenerations(..),GENERATION,f9659352-ac90-4423-bf04-e70d35f3d081
6c7d9884-554c-472e-b089-5d288fc8ff3d,R,2025-05-18 16:18:13.531122,,GenerationsService.getUserGenerations(..),GENERATION,f9659352-ac90-4423-bf04-e70d35f3d081
6d86a26b-ca26-4dab-9c80-d9db8a9a109b,R,2025-05-18 16:16:08.438186,,GenerationsService.getUserGenerations(..),GENERATION,f9659352-ac90-4423-bf04-e70d35f3d081
6f586cd1-37ee-4d61-a269-a6468a24100c,U,2025-06-15 13:12:31.490764,6,UserHabitService.updateHabitImpact(..),USERHABIT,f9659352-ac90-4423-bf04-e70d35f3d081
71118085-1990-4543-b906-d5ca7c1c1c87,R,2025-05-18 16:16:24.732528,,GenerationsService.getUserGenerations(..),GENERATION,f9659352-ac90-4423-bf04-e70d35f3d081
713c227c-d466-42a9-a0b4-b326f03cbd04,R,2025-06-15 12:11:26.620091,,GenerationsService.getUserGenerations(..),GENERATION,f9659352-ac90-4423-bf04-e70d35f3d081
71dbc953-a421-4340-a88a-ec94d77c0387,U,2025-06-15 12:45:01.018254,7,UserHabitService.updateHabitImpact(..),USERHABIT,f9659352-ac90-4423-bf04-e70d35f3d081
745d4d9d-b3bf-47ab-9af0-b21fce721869,R,2025-06-15 12:32:42.274533,,GenerationsService.getUserGenerations(..),GENERATION,f9659352-ac90-4423-bf04-e70d35f3d081
74e719db-83dd-46a1-9f6b-0f55316f2106,R,2025-05-18 16:23:40.332348,,GenerationsService.getUserGenerations(..),GENERATION,f9659352-ac90-4423-bf04-e70d35f3d081
75793bd4-fb1a-4922-b291-eb8441b848ad,R,2025-05-18 16:22:49.657726,,GenerationsService.getUserGenerations(..),GENERATION,f9659352-ac90-4423-bf04-e70d35f3d081
77b023a8-49e6-45ce-bb93-5fddfccbcc6f,R,2025-05-18 16:26:20.69612,,GenerationsService.getUserGenerations(..),GENERATION,f9659352-ac90-4423-bf04-e70d35f3d081
78a8a979-910a-452b-953e-278acd209d47,R,2025-05-18 18:01:43.392105,,GenerationsService.getUserGenerations(..),GENERATION,f9659352-ac90-4423-bf04-e70d35f3d081
7aaf4395-89ed-4221-89ac-6353880378df,R,2025-05-18 16:23:22.950698,,GenerationsService.getUserGenerations(..),GENERATION,f9659352-ac90-4423-bf04-e70d35f3d081
7d1a117b-2010-4e22-82a6-f8664d0abf6f,R,2025-05-18 16:47:46.435408,,GenerationsService.getUserGenerations(..),GENERATION,f9659352-ac90-4423-bf04-e70d35f3d081
7dac8647-72ea-4489-8f9e-6d93fbad01b0,R,2025-05-18 16:23:33.312126,,GenerationsService.getUserGenerations(..),GENERATION,f9659352-ac90-4423-bf04-e70d35f3d081
7f4cfc48-42ac-4099-8810-1503af1307f6,R,2025-05-18 16:57:22.199822,,GenerationsService.getUserGenerations(..),GENERATION,f9659352-ac90-4423-bf04-e70d35f3d081
7f834503-d5a0-4a46-9d22-3f3d2f1bb378,R,2025-05-18 16:18:12.315978,,GenerationsService.getUserGenerations(..),GENERATION,f9659352-ac90-4423-bf04-e70d35f3d081
7ffae700-6647-4476-a1a6-e7c410922aa0,U,2025-06-15 12:44:57.728887,6,UserHabitService.updateHabitImpact(..),USERHABIT,f9659352-ac90-4423-bf04-e70d35f3d081
8136286a-088e-403e-a01e-20b8665b3b13,R,2025-05-18 17:58:35.024172,,GenerationsService.getUserGenerations(..),GENERATION,98e0b8cd-cd83-4ff7-b4f4-835aca8ec6a7
81910aaa-23c7-498d-837c-791d98c1b099,R,2025-05-18 16:16:10.521548,,GenerationsService.getUserGenerations(..),GENERATION,f9659352-ac90-4423-bf04-e70d35f3d081
82f04ef4-85d2-4d4f-b143-41883524465a,R,2025-05-18 16:23:16.114296,,GenerationsService.getUserGenerations(..),GENERATION,f9659352-ac90-4423-bf04-e70d35f3d081
85db03ff-624c-4156-800d-a00019ad344b,R,2025-05-18 16:16:18.35795,,GenerationsService.getUserGenerations(..),GENERATION,f9659352-ac90-4423-bf04-e70d35f3d081
8a2f737c-5a4e-4f92-b887-1f336b461d75,U,2025-06-15 12:45:00.98846,7,UserHabitService.updateHabitImpact(..),USERHABIT,f9659352-ac90-4423-bf04-e70d35f3d081
8a9832ce-8f77-4876-936b-0f1a8393c997,R,2025-05-18 16:23:34.258404,,GenerationsService.getUserGenerations(..),GENERATION,f9659352-ac90-4423-bf04-e70d35f3d081
8b9f3c33-23da-4992-be04-68f3a6f7aa82,C,2025-06-15 13:01:29.286585,,UserHabitService.createUserHabits(..),USERHABIT,f9659352-ac90-4423-bf04-e70d35f3d081
8e1eaebf-d80b-4665-9b6f-6585aa19ed58,U,2025-06-15 12:45:02.550509,7,UserHabitService.updateHabitImpact(..),USERHABIT,f9659352-ac90-4423-bf04-e70d35f3d081
912f2d4b-f7cd-4d29-9d92-3a9f7b6fcb1d,R,2025-05-18 16:44:11.261925,,GenerationsService.getUserGenerations(..),GENERATION,f9659352-ac90-4423-bf04-e70d35f3d081
92b699a1-c23d-4d4e-8ae6-b8cefda9dfd8,R,2025-05-18 16:22:52.605011,,GenerationsService.getUserGenerations(..),GENERATION,f9659352-ac90-4423-bf04-e70d35f3d081
92f69451-e934-48d7-8a30-74e7e1f79da4,R,2025-05-18 16:23:32.350195,,GenerationsService.getUserGenerations(..),GENERATION,f9659352-ac90-4423-bf04-e70d35f3d081
93194688-fd15-4d20-9ead-bad657a7b568,R,2025-05-18 16:23:04.968322,,GenerationsService.getUserGenerations(..),GENERATION,f9659352-ac90-4423-bf04-e70d35f3d081
93a53962-5f91-4cf8-8f41-700af1e28231,R,2025-05-18 16:16:12.608459,,GenerationsService.getUserGenerations(..),GENERATION,f9659352-ac90-4423-bf04-e70d35f3d081
95ac8a89-372e-46fb-b6bf-d5ccc62aa919,U,2025-06-15 12:53:22.23219,10,UserHabitService.updateHabitImpact(..),USERHABIT,f9659352-ac90-4423-bf04-e70d35f3d081
98661607-d439-4569-a252-08ae792487aa,C,2025-05-18 17:58:32.393948,,GenerationsService.createGeneration(..),GENERATION,98e0b8cd-cd83-4ff7-b4f4-835aca8ec6a7
9a69f410-0e66-4b32-9945-03a6ebf7f359,R,2025-05-18 16:33:29.572958,,GenerationsService.getUserGenerations(..),GENERATION,f9659352-ac90-4423-bf04-e70d35f3d081
9cc67e6e-0bf2-4e0f-96f2-8475c1f2f3fd,U,2025-06-15 12:44:57.625552,6,UserHabitService.updateHabitImpact(..),USERHABIT,f9659352-ac90-4423-bf04-e70d35f3d081
9e55324e-67a4-43f1-845d-e9b704658f2d,R,2025-05-18 16:16:20.792583,,GenerationsService.getUserGenerations(..),GENERATION,f9659352-ac90-4423-bf04-e70d35f3d081
a47f38b5-71b2-4258-929e-1783edab6f86,R,2025-05-18 15:47:43.880719,,GenerationsService.getUserGenerations(..),GENERATION,f9659352-ac90-4423-bf04-e70d35f3d081
a51aae62-e627-4426-95ac-e1596459b3ca,D,2025-06-15 13:08:31.197895,,UserHabitService.deleteHabit(..),USERHABIT,f9659352-ac90-4423-bf04-e70d35f3d081
a61c3980-58ab-497d-bdd1-212bf3c3a9e8,R,2025-05-18 16:26:05.725643,,GenerationsService.getUserGenerations(..),GENERATION,f9659352-ac90-4423-bf04-e70d35f3d081
a654cfe9-ee99-4a7f-b266-b36a751c478f,R,2025-05-18 16:16:52.87048,,GenerationsService.getUserGenerations(..),GENERATION,f9659352-ac90-4423-bf04-e70d35f3d081
a81218c5-da2a-476e-ae83-b90e08eec639,R,2025-05-18 16:23:20.018997,,GenerationsService.getUserGenerations(..),GENERATION,f9659352-ac90-4423-bf04-e70d35f3d081
a817f1e9-43aa-42ba-8156-afd5b905f958,R,2025-05-18 17:56:59.07067,,GenerationsService.getUserGenerations(..),GENERATION,98e0b8cd-cd83-4ff7-b4f4-835aca8ec6a7
aa999988-e21e-48a3-ae58-af1237117842,C,2025-05-18 17:56:56.726263,,UserHabitService.createUserHabits(..),USERHABIT,98e0b8cd-cd83-4ff7-b4f4-835aca8ec6a7
ab8e9daa-10c8-455c-a8b7-685a63e063ed,R,2025-05-18 16:23:38.300026,,GenerationsService.getUserGenerations(..),GENERATION,f9659352-ac90-4423-bf04-e70d35f3d081
ae321040-8ef2-4054-a07b-fba245d8c007,R,2025-05-18 16:16:11.704602,,GenerationsService.getUserGenerations(..),GENERATION,f9659352-ac90-4423-bf04-e70d35f3d081
aecfa51f-74dc-4030-8bf0-34fd236fd0b5,R,2025-05-18 16:42:55.57919,,GenerationsService.getUserGenerations(..),GENERATION,f9659352-ac90-4423-bf04-e70d35f3d081
af57e9b6-35d5-4d7a-aca9-195997ff4cf5,R,2025-05-18 16:16:53.823623,,GenerationsService.getUserGenerations(..),GENERATION,f9659352-ac90-4423-bf04-e70d35f3d081
afc6c5bc-d4eb-4b1d-84c6-4b6b8e15ba4e,R,2025-05-18 16:23:18.115881,,GenerationsService.getUserGenerations(..),GENERATION,f9659352-ac90-4423-bf04-e70d35f3d081
b166eaf5-1dc3-44ee-8783-a61a337992ca,R,2025-05-18 16:22:54.669797,,GenerationsService.getUserGenerations(..),GENERATION,f9659352-ac90-4423-bf04-e70d35f3d081
b4f2784e-4d64-4ce3-910a-98d9cdeee762,R,2025-05-18 16:23:06.006886,,GenerationsService.getUserGenerations(..),GENERATION,f9659352-ac90-4423-bf04-e70d35f3d081
b6cbbf0f-1f31-424f-a370-289676b1742d,R,2025-05-18 16:22:43.531259,,GenerationsService.getUserGenerations(..),GENERATION,f9659352-ac90-4423-bf04-e70d35f3d081
b7fe1897-94e7-4835-a46a-c2732f4a6131,R,2025-05-18 16:23:24.052108,,GenerationsService.getUserGenerations(..),GENERATION,f9659352-ac90-4423-bf04-e70d35f3d081
b850ecf7-18a7-4a55-86f8-d059aa06bf83,R,2025-05-18 16:23:09.137421,,GenerationsService.getUserGenerations(..),GENERATION,f9659352-ac90-4423-bf04-e70d35f3d081
bc7e2827-cf47-48c6-909b-bd1414c22d6a,R,2025-05-18 16:23:17.097915,,GenerationsService.getUserGenerations(..),GENERATION,f9659352-ac90-4423-bf04-e70d35f3d081
be0e6b7a-6725-41c2-bdbb-c7d3b6386e07,U,2025-06-15 13:08:04.358872,7,UserHabitService.updateHabitImpact(..),USERHABIT,f9659352-ac90-4423-bf04-e70d35f3d081
be20eb88-63fc-43f7-b91e-3296362e9d99,R,2025-06-15 12:21:39.272727,,GenerationsService.getUserGenerations(..),GENERATION,f9659352-ac90-4423-bf04-e70d35f3d081
bee5b04c-ad26-4cc7-aff4-b200a956d644,R,2025-06-15 12:12:02.749192,,GenerationsService.getUserGenerations(..),GENERATION,f9659352-ac90-4423-bf04-e70d35f3d081
c0d28183-b468-499b-90d4-fe6eba266e4e,R,2025-05-18 16:23:36.264786,,GenerationsService.getUserGenerations(..),GENERATION,f9659352-ac90-4423-bf04-e70d35f3d081
c13bc92a-3234-4e5f-ae53-da86d0e13685,R,2025-05-18 16:16:49.112426,,GenerationsService.getUserGenerations(..),GENERATION,f9659352-ac90-4423-bf04-e70d35f3d081
c2a645ca-af2d-44c3-a2a4-552034e7c6f1,R,2025-06-15 12:11:53.769949,,GenerationsService.getUserGenerations(..),GENERATION,f9659352-ac90-4423-bf04-e70d35f3d081
c3e6ef9c-01e2-49de-bdf9-c350222ae352,R,2025-05-18 16:23:26.180559,,GenerationsService.getUserGenerations(..),GENERATION,f9659352-ac90-4423-bf04-e70d35f3d081
c7546260-c221-4fc4-a9cc-b490c0947f67,R,2025-05-18 16:22:48.654795,,GenerationsService.getUserGenerations(..),GENERATION,f9659352-ac90-4423-bf04-e70d35f3d081
c82db4f5-abd5-44df-9673-44e5415e8dd2,R,2025-05-18 16:22:55.64586,,GenerationsService.getUserGenerations(..),GENERATION,f9659352-ac90-4423-bf04-e70d35f3d081
c8b8ffba-b0d1-472f-b915-be0fc46a7b9c,R,2025-05-18 16:16:51.351002,,GenerationsService.getUserGenerations(..),GENERATION,f9659352-ac90-4423-bf04-e70d35f3d081
c9f7f48b-e621-4444-8e68-7bdcf630b4c4,R,2025-06-15 13:07:09.039182,,GenerationsService.getUserGenerations(..),GENERATION,f9659352-ac90-4423-bf04-e70d35f3d081
ca159d45-72ff-4dfd-af0f-8f5b49a98824,C,2025-05-16 16:47:29.051031,,GenerationsService.createGeneration(..),GENERATION,f9659352-ac90-4423-bf04-e70d35f3d081
ca3b2de6-7eeb-41b9-9681-89120139cb74,U,2025-06-15 12:44:59.228511,7,UserHabitService.updateHabitImpact(..),USERHABIT,f9659352-ac90-4423-bf04-e70d35f3d081
ca817ee2-c292-4ba7-ac8a-ef661cb7f274,U,2025-06-15 12:44:59.291202,7,UserHabitService.updateHabitImpact(..),USERHABIT,f9659352-ac90-4423-bf04-e70d35f3d081
cc68d8ac-98ca-40bd-8657-c27f64cdfe85,R,2025-05-18 16:23:10.140023,,GenerationsService.getUserGenerations(..),GENERATION,f9659352-ac90-4423-bf04-e70d35f3d081
cc7e6424-b980-4c31-adc9-dc4183eb1cf1,R,2025-06-15 12:54:57.013023,,GenerationsService.getUserGenerations(..),GENERATION,f9659352-ac90-4423-bf04-e70d35f3d081
cd72ae25-f37a-4b0d-8705-7346e3ed0ede,R,2025-05-18 16:22:47.564929,,GenerationsService.getUserGenerations(..),GENERATION,f9659352-ac90-4423-bf04-e70d35f3d081
cdeac5d9-9f3f-4325-9135-cbb236057d1d,R,2025-05-18 16:56:00.819422,,GenerationsService.getUserGenerations(..),GENERATION,f9659352-ac90-4423-bf04-e70d35f3d081
cf885783-06ea-4051-8ca3-28ed344e5c98,U,2025-06-15 12:50:57.062459,6,UserHabitService.updateHabitImpact(..),USERHABIT,f9659352-ac90-4423-bf04-e70d35f3d081
cf998571-c7b7-4106-976d-267d1fc9ba3b,R,2025-05-18 16:22:51.612442,,GenerationsService.getUserGenerations(..),GENERATION,f9659352-ac90-4423-bf04-e70d35f3d081
cfa9fb62-63f8-428b-a150-9f5287d8a215,R,2025-05-18 16:23:14.281996,,GenerationsService.getUserGenerations(..),GENERATION,f9659352-ac90-4423-bf04-e70d35f3d081
d057b51e-e972-4d3c-98a2-10cc8f621b1c,R,2025-05-18 16:23:00.062521,,GenerationsService.getUserGenerations(..),GENERATION,f9659352-ac90-4423-bf04-e70d35f3d081
d0cefa33-8e7c-48d2-b9ca-4ef357cf7123,R,2025-05-18 16:18:08.308696,,GenerationsService.getUserGenerations(..),GENERATION,f9659352-ac90-4423-bf04-e70d35f3d081
d2becf60-486b-48ba-9bb7-ccaca4cee5bc,U,2025-06-15 12:44:59.344627,7,UserHabitService.updateHabitImpact(..),USERHABIT,f9659352-ac90-4423-bf04-e70d35f3d081
d38d71ca-c0d8-4c72-a548-3ccaffc3df4a,R,2025-05-18 16:24:54.324536,,GenerationsService.getUserGenerations(..),GENERATION,f9659352-ac90-4423-bf04-e70d35f3d081
d4de48f5-8658-44a3-96c0-15f4a327b628,R,2025-05-18 16:23:18.964063,,GenerationsService.getUserGenerations(..),GENERATION,f9659352-ac90-4423-bf04-e70d35f3d081
d7755526-5fb7-4429-b7ce-2acc5da8136f,U,2025-06-15 12:44:57.562975,6,UserHabitService.updateHabitImpact(..),USERHABIT,f9659352-ac90-4423-bf04-e70d35f3d081
d7c4e5af-9846-45c3-a940-8c21329db926,R,2025-05-18 16:22:53.602095,,GenerationsService.getUserGenerations(..),GENERATION,f9659352-ac90-4423-bf04-e70d35f3d081
d7fc949d-d8fa-4300-8014-243c740323b4,R,2025-05-18 16:23:03.96261,,GenerationsService.getUserGenerations(..),GENERATION,f9659352-ac90-4423-bf04-e70d35f3d081
d8189b0f-719d-408b-a20b-9072947a144a,U,2025-06-15 12:45:01.219751,7,UserHabitService.updateHabitImpact(..),USERHABIT,f9659352-ac90-4423-bf04-e70d35f3d081
db4e046b-fe81-4399-8dff-0c6af9460f41,R,2025-05-18 16:21:04.820264,,GenerationsService.getUserGenerations(..),GENERATION,f9659352-ac90-4423-bf04-e70d35f3d081
dcbc1c2c-5a3e-4a1b-9753-47409945a92d,R,2025-06-15 12:54:39.864737,,GenerationsService.getUserGenerations(..),GENERATION,f9659352-ac90-4423-bf04-e70d35f3d081
dd73287c-1771-490b-bc24-fd2986326367,R,2025-05-18 16:18:16.30953,,GenerationsService.getUserGenerations(..),GENERATION,f9659352-ac90-4423-bf04-e70d35f3d081
dec7ba05-eb7c-4db1-9bf3-bf25cdf0d805,R,2025-05-18 16:16:50.271837,,GenerationsService.getUserGenerations(..),GENERATION,f9659352-ac90-4423-bf04-e70d35f3d081
def40618-1ad6-4d43-8831-5a382be89d4e,U,2025-06-15 12:44:57.661632,6,UserHabitService.updateHabitImpact(..),USERHABIT,f9659352-ac90-4423-bf04-e70d35f3d081
e3a18ce0-32eb-4ca4-902f-9b14dca74e68,R,2025-05-18 16:16:13.670145,,GenerationsService.getUserGenerations(..),GENERATION,f9659352-ac90-4423-bf04-e70d35f3d081
e45f02f4-4149-4ae0-ae63-83042936d20f,R,2025-05-18 16:23:07.010672,,GenerationsService.getUserGenerations(..),GENERATION,f9659352-ac90-4423-bf04-e70d35f3d081
e69897db-db1c-40d1-986c-1c9acd15d01c,R,2025-05-18 16:54:34.594224,,GenerationsService.getUserGenerations(..),GENERATION,f9659352-ac90-4423-bf04-e70d35f3d081
e6e27e62-34e5-4543-8c35-9428d5e23a8d,U,2025-06-15 13:31:13.479842,3,UserHabitService.updateHabitImpact(..),USERHABIT,f9659352-ac90-4423-bf04-e70d35f3d081
e8cbd3c5-4644-4379-8609-a77af15aff4b,R,2025-05-18 16:16:15.388764,,GenerationsService.getUserGenerations(..),GENERATION,f9659352-ac90-4423-bf04-e70d35f3d081
e92bc759-0c22-4045-9c6b-7fbd51bc64ff,R,2025-06-15 12:00:16.896211,,GenerationsService.getUserGenerations(..),GENERATION,f9659352-ac90-4423-bf04-e70d35f3d081
ea56b460-f2ff-4462-a242-1280dbd41682,R,2025-05-18 16:24:49.023243,,GenerationsService.getUserGenerations(..),GENERATION,f9659352-ac90-4423-bf04-e70d35f3d081
eb926b2b-1d42-4cfd-865a-2bcd17d1d9d4,R,2025-05-18 16:56:50.643801,,GenerationsService.getUserGenerations(..),GENERATION,f9659352-ac90-4423-bf04-e70d35f3d081
ebc30e84-cbd2-470c-9136-9c53bd9ae8be,R,2025-05-18 15:47:35.803371,,GenerationsService.getUserGenerations(..),GENERATION,f9659352-ac90-4423-bf04-e70d35f3d081
ec2fb292-c00d-4799-b053-249bc57f3bf7,U,2025-06-15 12:44:59.403737,7,UserHabitService.updateHabitImpact(..),USERHABIT,f9659352-ac90-4423-bf04-e70d35f3d081
ec61b728-4e44-4369-8189-11d6bcd9b12c,R,2025-05-18 16:23:29.257672,,GenerationsService.getUserGenerations(..),GENERATION,f9659352-ac90-4423-bf04-e70d35f3d081
f04b8ec3-2b62-417d-ba57-487c9a726e32,U,2025-06-15 12:44:59.152912,7,UserHabitService.updateHabitImpact(..),USERHABIT,f9659352-ac90-4423-bf04-e70d35f3d081
f3eddb79-d8d6-4720-8bd2-a05827e531d1,R,2025-05-18 16:41:35.524012,,GenerationsService.getUserGenerations(..),GENERATION,f9659352-ac90-4423-bf04-e70d35f3d081
f600117b-6a30-4a27-8489-ddcf52fbc1e7,R,2025-06-15 12:27:47.626077,,GenerationsService.getUserGenerations(..),GENERATION,f9659352-ac90-4423-bf04-e70d35f3d081
f80e2025-44a7-40d7-b526-464305e80ff6,U,2025-06-15 12:45:01.080535,7,UserHabitService.updateHabitImpact(..),USERHABIT,f9659352-ac90-4423-bf04-e70d35f3d081
f9dbb74d-e726-460b-a78f-a364e7899819,R,2025-05-18 16:23:00.936426,,GenerationsService.getUserGenerations(..),GENERATION,f9659352-ac90-4423-bf04-e70d35f3d081
faa43d30-8f19-4ae4-bddb-a0912820efa0,R,2025-06-15 12:11:44.143221,,GenerationsService.getUserGenerations(..),GENERATION,f9659352-ac90-4423-bf04-e70d35f3d081
faf4b3cb-3fb8-4ac4-b1d8-06ba2838e43c,R,2025-05-18 16:47:44.171274,,GenerationsService.getUserGenerations(..),GENERATION,f9659352-ac90-4423-bf04-e70d35f3d081
fc1fa791-394c-4896-b4b0-8ee3249e825d,R,2025-06-15 11:16:35.619985,,GenerationsService.getUserGenerations(..),GENERATION,f9659352-ac90-4423-bf04-e70d35f3d081
fdbc67a0-7394-41c6-afb3-07ac178d83e2,R,2025-05-18 18:03:35.448891,,GenerationsService.getUserGenerations(..),GENERATION,f9659352-ac90-4423-bf04-e70d35f3d081